scope,unit,period,limit,spent,reserved,available,overcommitted
guard,slot_millis,2026-10-04,1700000,3857,0,1696143,False
guard,tokens,2026-10-04,96000,5769,0,90231,False
guard,usd_micros,2026-10-04,250000,0,0,250000,False
root,slot_millis,2026-10-04,1800000,3857,0,1796143,False
root,tokens,2026-10-04,120000,5769,0,114231,False
root,usd_micros,2026-10-04,250000,0,0,250000,False
tenant,slot_millis,2026-10-04,180000000,51343,0,179948657,False
tenant,tokens,2026-10-04,12000000,68474,0,11931526,False
tenant,usd_micros,2026-10-04,5000000,0,0,5000000,False
user,slot_millis,2026-10-04,180000000,9042,0,179990958,False
user,tokens,2026-10-04,12000000,12984,0,11987016,False
user,usd_micros,2026-10-04,5000000,0,0,5000000,False
guard,slot_millis,2026-10-04,1700000,0,0,1700000,False
guard,tokens,2026-10-04,96000,0,0,96000,False
guard,usd_micros,2026-10-04,250000,0,0,250000,False
root,slot_millis,2026-10-04,1800000,0,0,1800000,False
root,tokens,2026-10-04,120000,0,0,120000,False
root,usd_micros,2026-10-04,250000,0,0,250000,False
guard,slot_millis,2026-10-04,1700000,1284,0,1698716,False
guard,tokens,2026-10-04,96000,1390,0,94610,False
guard,usd_micros,2026-10-04,250000,0,0,250000,False
root,slot_millis,2026-10-04,1800000,1284,0,1798716,False
root,tokens,2026-10-04,120000,1390,0,118610,False
root,usd_micros,2026-10-04,250000,0,0,250000,False
user,slot_millis,2026-10-04,180000000,15387,0,179984613,False
user,tokens,2026-10-04,12000000,22403,0,11977597,False
user,usd_micros,2026-10-04,5000000,0,0,5000000,False
guard,slot_millis,2026-10-04,1700000,946,0,1699054,False
guard,tokens,2026-10-04,96000,1384,0,94616,False
guard,usd_micros,2026-10-04,250000,0,0,250000,False
root,slot_millis,2026-10-04,1800000,946,0,1799054,False
root,tokens,2026-10-04,120000,1384,0,118616,False
root,usd_micros,2026-10-04,250000,0,0,250000,False
guard,slot_millis,2026-10-04,1700000,885,0,1699115,False
guard,tokens,2026-10-04,96000,1380,0,94620,False
guard,usd_micros,2026-10-04,250000,0,0,250000,False
root,slot_millis,2026-10-04,1800000,885,0,1799115,False
root,tokens,2026-10-04,120000,1380,0,118620,False
root,usd_micros,2026-10-04,250000,0,0,250000,False
guard,slot_millis,2026-10-04,1700000,897,0,1699103,False
guard,tokens,2026-10-04,96000,1388,0,94612,False
guard,usd_micros,2026-10-04,250000,0,0,250000,False
root,slot_millis,2026-10-04,1800000,897,0,1799103,False
root,tokens,2026-10-04,120000,1388,0,118612,False
root,usd_micros,2026-10-04,250000,0,0,250000,False
guard,slot_millis,2026-10-04,1700000,944,0,1699056,False
guard,tokens,2026-10-04,96000,1406,0,94594,False
guard,usd_micros,2026-10-04,250000,0,0,250000,False
root,slot_millis,2026-10-04,1800000,944,0,1799056,False
root,tokens,2026-10-04,120000,1406,0,118594,False
root,usd_micros,2026-10-04,250000,0,0,250000,False
guard,slot_millis,2026-10-04,1700000,904,0,1699096,False
guard,tokens,2026-10-04,96000,1391,0,94609,False
guard,usd_micros,2026-10-04,250000,0,0,250000,False
root,slot_millis,2026-10-04,1800000,904,0,1799096,False
root,tokens,2026-10-04,120000,1391,0,118609,False
root,usd_micros,2026-10-04,250000,0,0,250000,False
guard,slot_millis,2026-10-04,1700000,853,0,1699147,False
guard,tokens,2026-10-04,96000,1389,0,94611,False
guard,usd_micros,2026-10-04,250000,0,0,250000,False
root,slot_millis,2026-10-04,1800000,853,0,1799147,False
root,tokens,2026-10-04,120000,1389,0,118611,False
root,usd_micros,2026-10-04,250000,0,0,250000,False
guard,slot_millis,2026-10-04,1700000,832,0,1699168,False
guard,tokens,2026-10-04,96000,1390,0,94610,False
guard,usd_micros,2026-10-04,250000,0,0,250000,False
root,slot_millis,2026-10-04,1800000,832,0,1799168,False
root,tokens,2026-10-04,120000,1390,0,118610,False
root,usd_micros,2026-10-04,250000,0,0,250000,False
guard,slot_millis,2026-10-04,1700000,928,0,1699072,False
guard,tokens,2026-10-04,96000,1390,0,94610,False
guard,usd_micros,2026-10-04,250000,0,0,250000,False
root,slot_millis,2026-10-04,1800000,928,0,1799072,False
root,tokens,2026-10-04,120000,1390,0,118610,False
root,usd_micros,2026-10-04,250000,0,0,250000,False
guard,slot_millis,2026-10-04,1700000,883,0,1699117,False
guard,tokens,2026-10-04,96000,1424,0,94576,False
guard,usd_micros,2026-10-04,250000,0,0,250000,False
root,slot_millis,2026-10-04,1800000,883,0,1799117,False
root,tokens,2026-10-04,120000,1424,0,118576,False
guard,slot_millis,2026-10-04,1700000,915,0,1699085,False
guard,tokens,2026-10-04,96000,1401,0,94599,False
guard,usd_micros,2026-10-04,250000,0,0,250000,False
root,slot_millis,2026-10-04,1800000,915,0,1799085,False
root,tokens,2026-10-04,120000,1401,0,118599,False
root,usd_micros,2026-10-04,250000,0,0,250000,False
guard,usd_micros,2026-10-04,250000,0,0,250000,False
guard,slot_millis,2026-10-04,1700000,954,0,1699046,False
guard,tokens,2026-10-04,96000,1402,0,94598,False
guard,usd_micros,2026-10-04,250000,0,0,250000,False
root,slot_millis,2026-10-04,1800000,954,0,1799046,False
root,tokens,2026-10-04,120000,1402,0,118598,False
root,usd_micros,2026-10-04,250000,0,0,250000,False
guard,slot_millis,2026-10-04,1700000,1018,0,1698982,False
guard,tokens,2026-10-04,96000,1430,0,94570,False
guard,usd_micros,2026-10-04,250000,0,0,250000,False
root,slot_millis,2026-10-04,1800000,1018,0,1798982,False
root,tokens,2026-10-04,120000,1430,0,118570,False
root,usd_micros,2026-10-04,250000,0,0,250000,False
guard,slot_millis,2026-10-04,1700000,893,0,1699107,False
guard,tokens,2026-10-04,96000,1388,0,94612,False
guard,usd_micros,2026-10-04,250000,0,0,250000,False
root,slot_millis,2026-10-04,1800000,893,0,1799107,False
root,tokens,2026-10-04,120000,1388,0,118612,False
root,usd_micros,2026-10-04,250000,0,0,250000,False
guard,slot_millis,2026-10-04,1700000,903,0,1699097,False
guard,tokens,2026-10-04,96000,1441,0,94559,False
guard,usd_micros,2026-10-04,250000,0,0,250000,False
root,slot_millis,2026-10-04,1800000,903,0,1799097,False
root,tokens,2026-10-04,120000,1441,0,118559,False
root,usd_micros,2026-10-04,250000,0,0,250000,False
guard,slot_millis,2026-10-04,1700000,1051,0,1698949,False
guard,tokens,2026-10-04,96000,1423,0,94577,False
guard,usd_micros,2026-10-04,250000,0,0,250000,False
root,slot_millis,2026-10-04,1800000,1051,0,1798949,False
root,tokens,2026-10-04,120000,1423,0,118577,False
root,usd_micros,2026-10-04,250000,0,0,250000,False
guard,slot_millis,2026-10-04,1700000,1817,0,1698183,False
guard,tokens,2026-10-04,96000,2891,0,93109,False
guard,usd_micros,2026-10-04,250000,0,0,250000,False
root,slot_millis,2026-10-04,1800000,1817,0,1798183,False
root,tokens,2026-10-04,120000,2891,0,117109,False
root,usd_micros,2026-10-04,250000,0,0,250000,False
guard,slot_millis,2026-10-04,1700000,1006,0,1698994,False
guard,tokens,2026-10-04,96000,1419,0,94581,False
guard,usd_micros,2026-10-04,250000,0,0,250000,False
root,slot_millis,2026-10-04,1800000,1006,0,1798994,False
root,tokens,2026-10-04,120000,1419,0,118581,False
root,usd_micros,2026-10-04,250000,0,0,250000,False
guard,slot_millis,2026-10-04,1700000,1077,0,1698923,False
guard,tokens,2026-10-04,96000,1432,0,94568,False
guard,usd_micros,2026-10-04,250000,0,0,250000,False
root,slot_millis,2026-10-04,1800000,1077,0,1798923,False
root,tokens,2026-10-04,120000,1432,0,118568,False
root,usd_micros,2026-10-04,250000,0,0,250000,False
guard,slot_millis,2026-10-04,1700000,2275,0,1697725,False
guard,tokens,2026-10-04,96000,2895,0,93105,False
guard,usd_micros,2026-10-04,250000,0,0,250000,False
root,slot_millis,2026-10-04,1800000,2275,0,1797725,False
root,tokens,2026-10-04,120000,2895,0,117105,False
root,usd_micros,2026-10-04,250000,0,0,250000,False
guard,slot_millis,2026-10-04,1700000,7657,0,1692343,False
guard,tokens,2026-10-04,96000,12075,0,83925,False
guard,usd_micros,2026-10-04,250000,0,0,250000,False
root,slot_millis,2026-10-04,1800000,13124,0,1786876,False
root,tokens,2026-10-04,120000,12223,0,107777,False
root,usd_micros,2026-10-04,250000,0,0,250000,False
user,slot_millis,2026-10-04,180000000,26914,0,179973086,False
user,tokens,2026-10-04,12000000,33087,0,11966913,False
user,usd_micros,2026-10-04,5000000,0,0,5000000,False
guard,slot_millis,2026-10-04,1700000,2027,0,1697973,False
guard,tokens,2026-10-04,96000,2896,0,93104,False
guard,usd_micros,2026-10-04,250000,0,0,250000,False
root,slot_millis,2026-10-04,1800000,2027,0,1797973,False
root,tokens,2026-10-04,120000,2896,0,117104,False
root,usd_micros,2026-10-04,250000,0,0,250000,False
root,usd_micros,2026-10-04,250000,0,0,250000,False
guard,slot_millis,2026-10-04,1700000,7342,0,1692658,False
guard,tokens,2026-10-04,96000,12046,0,83954,False
guard,usd_micros,2026-10-04,250000,0,0,250000,False
root,slot_millis,2026-10-04,1800000,8360,0,1791640,False
root,tokens,2026-10-04,120000,12194,0,107806,False
root,usd_micros,2026-10-04,250000,0,0,250000,False
guard,slot_millis,2026-10-04,1700000,897,0,1699103,False
guard,tokens,2026-10-04,96000,1441,0,94559,False
guard,usd_micros,2026-10-04,250000,0,0,250000,False
root,slot_millis,2026-10-04,1800000,897,0,1799103,False
root,tokens,2026-10-04,120000,1441,0,118559,False
root,usd_micros,2026-10-04,250000,0,0,250000,False
root,usd_micros,2026-10-04,250000,0,0,250000,False
guard,slot_millis,2026-10-04,1700000,1813,0,1698187,False
guard,tokens,2026-10-04,96000,2897,0,93103,False
root,slot_millis,2026-10-04,1800000,1813,0,1798187,False
root,tokens,2026-10-04,120000,2897,0,117103,False
